aegon_male = { Aegon Bearaxes Bearlerion Beargar }
alec_male = { Alec Alek }
alesander_male = { Alesander Alesandor }
alfred_male = { Alfred Alfryd }
alyn_male = { Alan Alyn }
alys_female = { Alyce Alys Alyse }
anson_male = { Ansen Anson }
arnel_male = { Arnel Arnell }
arron_male = { Aron Arron }
arthur_male = { Arthor Arthur }
arwyn_female = { Arwen Arwyn }
axel_male = { Axel Axell }
baldrick_male = { Baldric Baldrick }
bennifer_male = { Benifer Bennifer }
boros_male = { Boros Borros }
bryan_male = { Bryan Bryen Bryon }
brynden_male = { Brynden Bryndon }
byron_male = { Byren Byron }
cedric_male = { Cedric Cedrik }
clayton_male = { Clayton Cleyton }
cortnay_male = { Cortnay Courtenay }
corwyn_male = { Corwin Corwyn }
craghorn_male = { Craghorn Cragorn }
daryn_male = { Darran Darren Daryn }
denys_male = { Dennis Denys }
dermot_male = { Dermett Dermot }
devan_male = { Devan Devon Devyn }
donnel_male = { Donal Donnel }
dyanna_female = { Dyana Dyanna }
edric_male = { Edric Edrick }
ellyn_female = { Ellyn Elyn }
elyas_male = { Elias Elyas }
emerick_male = { Emerick Emrick }
erryk_male = { Erich Erick Erryk }
erwin_male = { Erwin Irwen }
floris_female = { Floris Florys }
garrett_male = { Garett Garrett }
gerold_male = { Gerald Gerold }
gilbert_male = { Gilbert Gylbert }
gwin_female = { Gwin Gwyn }
harlan_male = { Harlan Harlen Harlon }
harmon_male = { Harmen Harmon }
harrold_male = { Harrald Harrold }
harwin_male = { Harwin Harwyn }
horas_male = { Horas Horys }
humfrey_male = { Humfrey Humphrey }
igon_male = { Igon Ygon }
jocelyn_female = { Jocelyn Joselyn }
jon_male = { John Jon }
lothar_male = { Lothar Lothor }
lyanna_female = { Lianna Lyanna }
manfred_male = { Manfred Manfryd }
marq_male = { Mark Marq }
matthos_male = { Mathos Matthos }
morgan_male = { Morgan Morgon }
mya_female = { Maia Mya }
olyvar_male = { Olyvar Olyver }
ormund_male = { Ormond Ormund }
patrek_male = { Patrek Patrik }
petyr_male = { Peter Petyr }
qarl_male = { Karl Qarl }
qhorin_male = { Qhorin Qoren }
quenton_male = { Quenten Quentin Quenton Quentyn }
qyle_male = { Kyle Qyle }
ralf_male = { Ralf Ralph }
raymund_male = { Raymond Raymund }
richard_male = { Richard Rycherd }
rickon_male = { Rickon Ryckon }
robin_male = { Robin Robyn }
rodrik_male = { Roderick Rodrik }
rogar_male = { Rhogar Rogar }
roland_male = { Roland Rolland }
rolfe_male = { Rolfe Rolph }
ronnel_male = { Ronel Ronnal Ronnel }
ryon_male = { Ryan Ryon }
sarra_female = { Sara Sarra }
silas_male = { Silas Sylas }
simon_male = { Simon Symon }
thomas_male = { Thomas Tomas }
tommard_male = { Tomard Tommard }
triston_male = { Tristan Tristen Triston }
uthor_male = { Uther Uthor }
wallace_male = { Wallace Walys }
walter_male = { Walter Waltyr }
warryn_male = { Warren Warryn }
wendel_male = { Wendel Wendell }
whalen_male = { Whalen Whalon }
willam_male = { Willam Willem }
willas_male = { Willas Willis Wylis }

#AGOT Removed Vanilla